,rxn_id,dG_rxn,dG_forward,dG_reverse,fr_dG_rxn,fr_dG_forward,fr_dG_reverse,s_prod0,q_reac1,s_reac1,qH_reac0,qH_prod1,q_reac0,q_prod1,q_prod0,BV_reac1,BV_prod0,G_act
0,0,1.5780679408604072,95.79620281542314,94.21813487456274,8.188100305049687,143.30792000260215,135.11981969755246,0.9386877,-0.22988149523735046,0.7996726036071777,0.13402109,0.3132043480873108,-0.53608435,-0.4694054126739502,-0.47541985,0.1821792734957138,0.004168825159905243,18.81839739
1,1,-4.152269683124473,90.06586519143826,94.21813487456274,1.3253620188689013,136.44518171642136,135.11981969755246,1.0760595,-0.22988149523735046,0.7996726036071777,0.14416446,0.3132043480873108,-0.440991,-0.4694054126739502,-0.38072503,0.1821792734957138,0.3084267547916088,16.17595278
2,2,-7.306455702026128,86.91167917253661,94.21813487456274,-2.858823263304032,132.26099643424843,135.11981969755246,1.0210853,-0.22988149523735046,0.7996726036071777,0.14351997,0.3132043480873108,-0.2815978,-0.4694054126739502,-0.19850706,0.1821792734957138,0.48876803013974357,14.56262457
3,3,-8.792658180431616,85.42547669413112,94.21813487456274,-6.728197114677869,128.3916225828746,135.11981969755246,0.9925295,-0.22988149523735046,0.7996726036071777,0.13360783,0.3132043480873108,-0.10261143,-0.4694054126739502,0.00084376923,0.1821792734957138,0.5755381029347056,11.87311671
4,4,-4.027295465863617,90.19083940869912,94.21813487456274,1.407174859552697,136.52699455710516,135.11981969755246,1.1022924,-0.22988149523735046,0.7996726036071777,0.14279953,0.3132043480873108,-0.45328388,-0.4694054126739502,-0.40403298,0.1821792734957138,0.3725486643649872,17.12349288
5,5,-6.16154442274339,88.05659045181935,94.21813487456274,-6.33875659262722,128.78106310492524,135.11981969755246,0.9446293,-0.22988149523735046,0.7996726036071777,0.14120401,0.3132043480873108,-0.12068371,-0.4694054126739502,-0.075097114,0.1821792734957138,0.44979803510112837,15.87098292
6,6,-5.916064686775414,88.30207018778732,94.21813487456274,-2.376418513374091,132.74340118417837,135.11981969755246,0.98973674,-0.22988149523735046,0.7996726036071777,0.14103697,0.3132043480873108,-0.2339784,-0.4694054126739502,-0.2285736,0.1821792734957138,0.43424877087808295,16.03162548
7,7,-6.319716789815374,87.89841808474736,94.21813487456274,-2.6773589625486522,132.4424607350038,135.11981969755246,1.0008446,-0.22988149523735046,0.7996726036071777,0.13273194,0.3132043480873108,-0.25430226,-0.4694054126739502,-0.20808488,0.1821792734957138,0.43533286581516795,14.75715267
8,8,-3.3949509571251184,90.82318391743762,94.21813487456274,1.5359693315202492,136.6557890290727,135.11981969755246,1.0606315,-0.22988149523735046,0.7996726036071777,0.1396493,0.3132043480873108,-0.42574123,-0.4694054126739502,-0.39675158,0.1821792734957138,0.243289275518004,17.06387943
9,9,-9.407454975503555,84.81067989905918,94.21813487456274,-11.243421391099076,123.87639830645338,135.11981969755246,0.9180885,-0.22988149523735046,0.7996726036071777,0.1185998,0.3132043480873108,-0.0919701,-0.4694054126739502,-0.08614433,0.1821792734957138,0.43098405434904086,12.09588276
10,10,-14.667836221096266,79.55029865346647,94.21813487456274,-1.178770928971943,133.94104876858052,135.11981969755246,0.62808526,-0.22988149523735046,0.7996726036071777,0.14251311,0.3132043480873108,-0.42737785,-0.4694054126739502,-0.3153796,0.1821792734957138,0.23429591620493428,14.06814669
11,11,-18.570876836564338,75.6472580379984,94.21813487456274,-2.8051123983696016,132.31470729918286,135.11981969755246,0.6340287,-0.22988149523735046,0.7996726036071777,0.13090794,0.3132043480873108,-0.24489704,-0.4694054126739502,-0.092984065,0.1821792734957138,0.38142549168194523,12.68950722
12,12,-22.612064286235054,71.60607058832768,94.21813487456274,-4.336916085251431,130.78290361230103,135.11981969755246,0.63555104,-0.22988149523735046,0.7996726036071777,0.121744715,0.3132043480873108,-0.13169137,-0.4694054126739502,0.14707066,0.1821792734957138,0.5083887992184046,11.95092795
13,13,-12.020272204893473,82.19786266966926,94.21813487456274,-1.158259216769693,133.96156048078277,135.11981969755246,0.76277685,-0.22988149523735046,0.7996726036071777,0.14947093,0.3132043480873108,-0.47640967,-0.4694054126739502,-0.3389284,0.1821792734957138,0.29013221711554676,16.01091765
14,14,-15.358700803646471,78.85943407091627,94.21813487456274,-2.8310662995340863,132.28875339801837,135.11981969755246,0.7413904,-0.22988149523735046,0.7996726036071777,0.14166154,0.3132043480873108,-0.36074114,-0.4694054126739502,-0.12425379,0.1821792734957138,0.43857268539996264,12.15361368
15,15,-17.04442767511469,77.17370719944805,94.21813487456274,-6.120042998511764,128.9997766990407,135.11981969755246,0.7318192,-0.22988149523735046,0.7996726036071777,0.12198956,0.3132043480873108,-0.21281205,-0.4694054126739502,0.083757885,0.1821792734957138,0.55972209850279,12.88654536
16,16,-14.307228864763033,79.9109060097997,94.21813487456274,-1.9664992802670724,133.15332041728539,135.11981969755246,0.6875833,-0.22988149523735046,0.7996726036071777,0.14896621,0.3132043480873108,-0.46195498,-0.4694054126739502,-0.34915075,0.1821792734957138,0.3132048123624586,14.80421592
17,17,-7.524843492890682,86.69329138167205,94.21813487456274,-1.5737646438390698,133.5460550537134,135.11981969755246,0.8382022,-0.22988149523735046,0.7996726036071777,0.15568842,0.3132043480873108,-0.4467105,-0.4694054126739502,-0.33547804,0.1821792734957138,0.27965569132095836,17.70519465
18,18,-13.996035912183089,80.22209896237965,94.21813487456274,-7.912362230945348,127.20745746660711,135.11981969755246,0.80805826,-0.22988149523735046,0.7996726036071777,0.15181093,0.3132043480873108,-0.2993328,-0.4694054126739502,-0.14836976,0.1821792734957138,0.4258233947466748,16.57128408
19,19,-7.60165062964721,86.61648424491553,94.21813487456274,-0.45916894314240153,134.66065075441006,135.11981969755246,0.87486255,-0.22988149523735046,0.7996726036071777,0.15751642,0.3132043480873108,-0.4573298,-0.4694054126739502,-0.33592495,0.1821792734957138,0.28598711604384935,17.57279004
20,20,-4.960566699615015,89.25756817494772,94.21813487456274,1.7965853805616518,136.9164050781141,135.11981969755246,0.91979486,-0.22988149523735046,0.7996726036071777,0.15902002,0.3132043480873108,-0.4485738,-0.4694054126739502,-0.35506418,0.1821792734957138,0.2627312981638294,20.28865332
21,21,-6.8645393816454146,87.35359549291732,94.21813487456274,-2.7472523893696916,132.37256730818277,135.11981969755246,0.8082316,-0.22988149523735046,0.7996726036071777,0.17538372,0.3132043480873108,-0.3984272,-0.4694054126739502,-0.28343257,0.1821792734957138,0.20407646546324082,19.2959325
22,22,-11.894578620767291,82.32355625379545,94.21813487456274,-7.034981766773285,128.08483793077917,135.11981969755246,0.82844335,-0.22988149523735046,0.7996726036071777,0.16668424,0.3132043480873108,-0.2078517,-0.4694054126739502,-0.09136092,0.1821792734957138,0.3646303917406689,16.48155015
23,23,-16.601533268206552,77.61660160635618,94.21813487456274,-12.987353443445826,122.13246625410663,135.11981969755246,0.80475277,-0.22988149523735046,0.7996726036071777,0.15702707,0.3132043480873108,-0.06955046,-0.4694054126739502,0.07722208,0.1821792734957138,0.4813596980901862,14.42394486
24,24,-2.998196993368282,91.21993788119445,94.21813487456274,1.3108445147959742,136.43066421234843,135.11981969755246,0.9921866,-0.22988149523735046,0.7996726036071777,0.13151877,0.3132043480873108,-0.39455634,-0.4694054126739502,-0.35060573,0.1821792734957138,0.18308014300730124,16.63695338
25,25,-6.488028653888222,87.73010622067451,94.21813487456274,-2.152928753421861,132.9668909441306,135.11981969755246,0.9666226,-0.22988149523735046,0.7996726036071777,0.12673844,0.3132043480873108,-0.20471261,-0.4694054126739502,-0.1622301,0.1821792734957138,0.3370705104352985,14.04717154
26,26,-2.9226487486260737,91.29548612593666,94.21813487456274,2.1253007941311637,137.24512049168362,135.11981969755246,1.0104086,-0.22988149523735046,0.7996726036071777,0.13224706,0.3132043480873108,-0.42112336,-0.4694054126739502,-0.3879331,0.1821792734957138,0.23066812203134066,16.97754723
27,27,-3.320584829863364,90.89755004469937,94.21813487456274,1.019957414691163,136.13977711224362,135.11981969755246,1.0569798,-0.22988149523735046,0.7996726036071777,0.1402891,0.3132043480873108,-0.39349794,-0.4694054126739502,-0.3871286,0.1821792734957138,0.27782070610911036,17.22483198
28,28,-1.7542013420347473,92.46393353252799,94.21813487456274,2.006097655191354,137.1259173527438,135.11981969755246,1.0715946,-0.22988149523735046,0.7996726036071777,0.14406633,0.3132043480873108,-0.4067817,-0.4694054126739502,-0.37050316,0.1821792734957138,0.23473813016621653,18.66068342
29,29,-7.499405881236314,86.71872899332642,94.21813487456274,-7.612594822500796,127.50722487505166,135.11981969755246,0.9275897,-0.22988149523735046,0.7996726036071777,0.14460988,0.3132043480873108,-0.10565509,-0.4694054126739502,-0.05689188,0.1821792734957138,0.3986344125686775,14.4426729
30,30,-18.449615667136854,75.76851920742588,94.21813487456274,-6.368003108116994,128.75181658943546,135.11981969755246,0.6901423,-0.22988149523735046,0.7996726036071777,0.17623873,0.3132043480873108,-0.3881611,-0.4694054126739502,-0.24179672,0.1821792734957138,0.5065318602407791,16.17871822
31,31,-19.234815906476683,74.98331896808605,94.21813487456274,-13.26333302593578,121.85648667161668,135.11981969755246,0.6408587,-0.22988149523735046,0.7996726036071777,0.13986339,0.3132043480873108,-0.11734811,-0.4694054126739502,-0.013244348,0.1821792734957138,0.47402407986164746,11.96923995
32,32,-7.4000754099947414,86.818059464568,94.21813487456274,-5.163167274126323,129.95665242342614,135.11981969755246,0.94040126,-0.22988149523735046,0.7996726036071777,0.13884741,0.3132043480873108,-0.25272614,-0.4694054126739502,-0.24277821,0.1821792734957138,0.21894228678605795,14.93206857
33,33,-10.566521165079266,83.65161370948347,94.21813487456274,-4.517024338922511,130.60279535862995,135.11981969755246,0.8823058,-0.22988149523735046,0.7996726036071777,0.15126832,0.3132043480873108,-0.29539144,-0.4694054126739502,-0.29810762,0.1821792734957138,0.24498612122425328,14.24625599
34,34,-4.741523695947691,89.47661117861504,94.21813487456274,0.16764582095376568,135.28746551850622,135.11981969755246,0.9261542,-0.22988149523735046,0.7996726036071777,0.15777893,0.3132043480873108,-0.4895231,-0.4694054126739502,-0.39211056,0.1821792734957138,0.2641642742375528,18.06509987
35,35,-10.247923676804405,83.97021119775833,94.21813487456274,-5.504136613173415,129.61568308437904,135.11981969755246,0.8770944,-0.22988149523735046,0.7996726036071777,0.14796293,0.3132043480873108,-0.289161,-0.4694054126739502,-0.30371058,0.1821792734957138,0.23937435669262785,12.59973062
36,36,-4.419737435252273,89.79839743931046,94.21813487456274,0.9505110033912558,136.0703307009437,135.11981969755246,0.91822207,-0.22988149523735046,0.7996726036071777,0.14595649,0.3132043480873108,-0.44669858,-0.4694054126739502,-0.39277405,0.1821792734957138,0.2619388068711887,18.41090369
37,37,-11.210056876762067,83.00807799780067,94.21813487456274,-11.871946214571494,123.24787348298096,135.11981969755246,0.8763177,-0.22988149523735046,0.7996726036071777,0.11923781,0.3132043480873108,-0.12893288,-0.4694054126739502,-0.089425124,0.1821792734957138,0.37555140450154373,13.08217913
38,38,-7.167687309610898,87.05044756495184,94.21813487456274,-3.080623964609231,132.03919573294323,135.11981969755246,1.0253385,-0.22988149523735046,0.7996726036071777,0.14026362,0.3132043480873108,-0.28052723,-0.4694054126739502,-0.21694207,0.1821792734957138,0.3935857612915302,13.37169154
39,39,-10.449878562302459,83.76825631226028,94.21813487456274,-6.952111389370003,128.16770830818245,135.11981969755246,0.949377,-0.22988149523735046,0.7996726036071777,0.124911085,0.3132043480873108,-0.11140185,-0.4694054126739502,0.010730288,0.1821792734957138,0.537325214029747,14.72676613
40,40,-8.277451627969299,85.94068324659344,94.21813487456274,-6.035801573503306,129.08401812404915,135.11981969755246,0.972356,-0.22988149523735046,0.7996726036071777,0.12532265,0.3132043480873108,-0.11009605,-0.4694054126739502,-0.022665778,0.1821792734957138,0.5630654375489058,12.20046671
41,41,-8.732296569512911,85.48583830504982,94.21813487456274,-7.874004399094872,127.24581529845759,135.11981969755246,1.0122117,-0.22988149523735046,0.7996726036071777,0.15069497,0.3132043480873108,-0.082918644,-0.4694054126739502,-0.004256061,0.1821792734957138,0.7189641602212881,14.02138276
42,42,-9.22007147585208,84.99806339871066,94.21813487456274,-6.484620157263265,128.6351995402892,135.11981969755246,0.96695817,-0.22988149523735046,0.7996726036071777,0.13699259,0.3132043480873108,-0.10073093,-0.4694054126739502,-0.043388814,0.1821792734957138,0.6173027101553535,12.04533997
43,43,-9.22007147585208,84.99806339871066,94.21813487456274,-6.484620157263265,128.6351995402892,135.11981969755246,0.96695817,-0.22988149523735046,0.7996726036071777,0.13699259,0.3132043480873108,-0.10073093,-0.4694054126739502,-0.043388814,0.1821792734957138,0.6173027101553535,12.14706059
44,44,-8.39313297151378,85.82500190304896,94.21813487456274,-6.09646067969274,129.02335901785972,135.11981969755246,0.9515262,-0.22988149523735046,0.7996726036071777,0.12689164,0.3132043480873108,-0.09989708,-0.4694054126739502,-0.03155566,0.1821792734957138,0.5674383417511215,12.6565755
45,45,-8.39313297151378,85.82500190304896,94.21813487456274,-6.09646067969274,129.02335901785972,135.11981969755246,0.9515262,-0.22988149523735046,0.7996726036071777,0.12689164,0.3132043480873108,-0.099897064,-0.4694054126739502,-0.03155566,0.1821792734957138,0.5674383417511215,11.97481098
46,46,-12.716751845475784,81.50138302908695,94.21813487456274,-8.796867942518347,126.32295175503411,135.11981969755246,0.8775419,-0.22988149523735046,0.7996726036071777,0.12242319,0.3132043480873108,-0.14122722,-0.4694054126739502,-0.13262929,0.1821792734957138,0.34897442612853546,11.26686549
47,47,-10.615852484062998,83.60228239049974,94.21813487456274,-6.357817754463838,128.76200194308862,135.11981969755246,0.85772467,-0.22988149523735046,0.7996726036071777,0.14805472,0.3132043480873108,-0.32436582,-0.4694054126739502,-0.3138576,0.1821792734957138,0.2746312053820252,14.47529965
48,48,-12.02276790309729,82.19536697146545,94.21813487456274,-5.587246998910189,129.53257269864227,135.11981969755246,0.8643331,-0.22988149523735046,0.7996726036071777,0.15686856,0.3132043480873108,-0.33531874,-0.4694054126739502,-0.34130162,0.1821792734957138,0.3087743933149464,14.39848301
49,49,-11.850999081588313,82.36713579297442,94.21813487456274,-5.5007839967647385,129.61903570078772,135.11981969755246,0.84984946,-0.22988149523735046,0.7996726036071777,0.14943725,0.3132043480873108,-0.22995654,-0.4694054126739502,-0.103519954,0.1821792734957138,0.45820749461272825,12.74312607
50,50,-12.020635043443974,82.19749983111876,94.21813487456274,-6.422255491853889,128.69756420569857,135.11981969755246,0.8683219,-0.22988149523735046,0.7996726036071777,0.1545681,0.3132043480873108,-0.24567261,-0.4694054126739502,-0.13114907,0.1821792734957138,0.49343655902719724,13.32441117
51,51,-11.627715599556979,82.59041927500576,94.21813487456274,-5.4848054419615835,129.63501425559087,135.11981969755246,0.87114304,-0.22988149523735046,0.7996726036071777,0.15868188,0.3132043480873108,-0.3428911,-0.4694054126739502,-0.34548658,0.1821792734957138,0.31509616753993264,13.39005938
52,52,-11.889756549016539,82.3283783255462,94.21813487456274,-4.262755010250231,130.85706468730223,135.11981969755246,0.8846069,-0.22988149523735046,0.7996726036071777,0.16056386,0.3132043480873108,-0.35599205,-0.4694054126739502,-0.3504164,0.1821792734957138,0.34003729436923036,13.16600066
53,53,-12.558464842455976,81.65967003210676,94.21813487456274,-3.7000119708355044,131.41980772671695,135.11981969755246,0.89937973,-0.22988149523735046,0.7996726036071777,0.16145511,0.3132043480873108,-0.3604337,-0.4694054126739502,-0.34961382,0.1821792734957138,0.3757238345494661,13.76895306
54,54,-11.332891924133932,82.8852429504288,94.21813487456274,-4.275013435884034,130.84480626166842,135.11981969755246,0.8900143,-0.22988149523735046,0.7996726036071777,0.15918185,0.3132043480873108,-0.34956408,-0.4694054126739502,-0.34094876,0.1821792734957138,0.3293097425373456,13.87666515
55,55,-9.622362671401206,84.59577220316153,94.21813487456274,-5.259143606591124,129.86067609096133,135.11981969755246,1.0911101,-0.22988149523735046,0.7996726036071777,0.14026362,0.3132043480873108,-0.28052723,-0.4694054126739502,-0.21270058,0.1821792734957138,0.4945440206791165,13.21533111
56,56,-2.613562888903843,91.6045719856589,94.21813487456274,2.1931991516799485,137.3130188492324,135.11981969755246,1.0513173,-0.22988149523735046,0.7996726036071777,0.14226836,0.3132043480873108,-0.36722887,-0.4694054126739502,-0.37329328,0.1821792734957138,0.28648557431323285,14.55567678
57,57,-11.725529510828082,82.49260536373465,94.21813487456274,-8.858601086000206,126.26121861155225,135.11981969755246,0.8833646,-0.22988149523735046,0.7996726036071777,0.123526044,0.3132043480873108,-0.13721266,-0.4694054126739502,-0.12027113,0.1821792734957138,0.35233148697635963,11.73807028
58,58,-11.895911132197654,82.32222374236508,94.21813487456274,-9.947148382251058,125.1726713153014,135.11981969755246,0.91561085,-0.22988149523735046,0.7996726036071777,0.14043851,0.3132043480873108,-0.1799756,-0.4694054126739502,-0.13103123,0.1821792734957138,0.3975756669429292,12.00789331
59,59,-9.633313033684459,84.58482184087828,94.21813487456274,-8.881331375235277,126.23848832231718,135.11981969755246,0.87295115,-0.22988149523735046,0.7996726036071777,0.13177428,0.3132043480873108,-0.111111194,-0.4694054126739502,-0.069809474,0.1821792734957138,0.37698207126920025,12.02696898
60,60,-1.049771184576855,95.79620281542314,96.845974,3.915350002602139,143.30792000260215,139.39257,0.9386877,-0.188,0.917,0.13402109,0.329,-0.53608435,-0.449,-0.47541985,0.2917,0.004168825159905243,17.9781615
61,61,-6.780108808561735,90.06586519143826,96.845974,-2.947388283578647,136.44518171642136,139.39257,1.0760595,-0.188,0.917,0.14416446,0.329,-0.440991,-0.449,-0.38072503,0.2917,0.3084267547916088,14.44214265
62,62,-9.93429482746339,86.91167917253661,96.845974,-7.13157356575158,132.26099643424843,139.39257,1.0210853,-0.188,0.917,0.14351997,0.329,-0.2815978,-0.449,-0.19850706,0.2917,0.48876803013974357,12.60730341
63,63,-11.420497305868878,85.42547669413112,96.845974,-11.000947417125417,128.3916225828746,139.39257,0.9925295,-0.188,0.917,0.13360783,0.329,-0.10261143,-0.449,0.00084376923,0.2917,0.5755381029347056,11.42946714
64,64,-6.655134591300879,90.19083940869912,96.845974,-2.865575442894851,136.52699455710516,139.39257,1.1022924,-0.188,0.917,0.14279953,0.329,-0.45328388,-0.449,-0.40403298,0.2917,0.3725486643649872,15.18825204
65,65,-8.789383548180652,88.05659045181935,96.845974,-10.611506895074768,128.78106310492524,139.39257,0.9446293,-0.188,0.917,0.14120401,0.329,-0.12068371,-0.449,-0.075097114,0.2917,0.44979803510112837,14.4892059
66,66,-8.543903812212676,88.30207018778732,96.845974,-6.649168815821639,132.74340118417837,139.39257,0.98973674,-0.188,0.917,0.14103697,0.329,-0.2339784,-0.449,-0.2285736,0.2917,0.43424877087808295,13.90373907
67,67,-8.947555915252636,87.89841808474736,96.845974,-6.9501092649962,132.4424607350038,139.39257,1.0008446,-0.188,0.917,0.13273194,0.329,-0.25430226,-0.449,-0.20808488,0.2917,0.43533286581516795,13.0584831
68,68,-6.022790082562381,90.82318391743762,96.845974,-2.736780970927299,136.6557890290727,139.39257,1.0606315,-0.188,0.917,0.1396493,0.329,-0.42574123,-0.449,-0.39675158,0.2917,0.243289275518004,15.90612348
69,69,-12.035294100940817,84.81067989905918,96.845974,-15.516171693546625,123.87639830645338,139.39257,0.9180885,-0.188,0.917,0.1185998,0.329,-0.0919701,-0.449,-0.08614433,0.2917,0.43098405434904086,9.77911584
70,70,-17.29567534653353,79.55029865346647,96.845974,-5.451521231419491,133.94104876858052,139.39257,0.62808526,-0.188,0.917,0.14251311,0.329,-0.42737785,-0.449,-0.3153796,0.2917,0.23429591620493428,12.29480343
71,71,-21.1987159620016,75.6472580379984,96.845974,-7.07786270081715,132.31470729918286,139.39257,0.6340287,-0.188,0.917,0.13090794,0.329,-0.24489704,-0.449,-0.092984065,0.2917,0.38142549168194523,10.72163586
72,72,-25.239903411672316,71.60607058832768,96.845974,-8.60966638769898,130.78290361230103,139.39257,0.63555104,-0.188,0.917,0.121744715,0.329,-0.13169137,-0.449,0.14707066,0.2917,0.5083887992184046,11.42444706
73,73,-14.648111330330735,82.19786266966926,96.845974,-5.431009519217241,133.96156048078277,139.39257,0.76277685,-0.188,0.917,0.14947093,0.329,-0.47640967,-0.449,-0.3389284,0.2917,0.29013221711554676,12.30107853
74,74,-17.986539929083733,78.85943407091627,96.845974,-7.1038166019816344,132.28875339801837,139.39257,0.7413904,-0.188,0.917,0.14166154,0.329,-0.36074114,-0.449,-0.12425379,0.2917,0.43857268539996264,10.47125937
75,75,-19.672266800551952,77.17370719944805,96.845974,-10.392793300959312,128.9997766990407,139.39257,0.7318192,-0.188,0.917,0.12198956,0.329,-0.21281205,-0.449,0.083757885,0.2917,0.55972209850279,12.18059661
76,76,-16.935067990200295,79.9109060097997,96.845974,-6.239249582714621,133.15332041728539,139.39257,0.6875833,-0.188,0.917,0.14896621,0.329,-0.46195498,-0.449,-0.34915075,0.2917,0.3132048123624586,12.43850322
77,77,-10.152682618327944,86.69329138167205,96.845974,-5.846514946286618,133.5460550537134,139.39257,0.8382022,-0.188,0.917,0.15568842,0.329,-0.4467105,-0.449,-0.33547804,0.2917,0.27965569132095836,18.0283623
78,78,-16.62387503762035,80.22209896237965,96.845974,-12.185112533392896,127.20745746660711,139.39257,0.80805826,-0.188,0.917,0.15181093,0.329,-0.2993328,-0.449,-0.14836976,0.2917,0.4258233947466748,15.82705722
79,79,-10.229489755084472,86.61648424491553,96.845974,-4.73191924558995,134.66065075441006,139.39257,0.87486255,-0.188,0.917,0.15751642,0.329,-0.4573298,-0.449,-0.33592495,0.2917,0.28598711604384935,18.01769463
80,80,-7.588405825052277,89.25756817494772,96.845974,-2.4761649218858963,136.9164050781141,139.39257,0.91979486,-0.188,0.917,0.15902002,0.329,-0.4485738,-0.449,-0.35506418,0.2917,0.2627312981638294,19.31224776
81,81,-9.492378507082677,87.35359549291732,96.845974,-7.02000269181724,132.37256730818277,139.39257,0.8082316,-0.188,0.917,0.17538372,0.329,-0.3984272,-0.449,-0.28343257,0.2917,0.20407646546324082,20.10165534
82,82,-14.522417746204553,82.32355625379545,96.845974,-11.307732069220833,128.08483793077917,139.39257,0.82844335,-0.188,0.917,0.16668424,0.329,-0.2078517,-0.449,-0.09136092,0.2917,0.3646303917406689,16.92143466
83,83,-19.229372393643814,77.61660160635618,96.845974,-17.260103745893375,122.13246625410663,139.39257,0.80475277,-0.188,0.917,0.15702707,0.329,-0.06955046,-0.449,0.07722208,0.2917,0.4813596980901862,14.94415065
84,84,-5.626036118805544,91.21993788119445,96.845974,-2.961905787651574,136.43066421234843,139.39257,0.9921866,-0.188,0.917,0.13151877,0.329,-0.39455634,-0.449,-0.35060573,0.2917,0.18308014300730124,14.29232313
85,85,-9.115867779325484,87.73010622067451,96.845974,-6.425679055869409,132.9668909441306,139.39257,0.9666226,-0.188,0.917,0.12673844,0.329,-0.20471261,-0.449,-0.1622301,0.2917,0.3370705104352985,11.77344177
86,86,-5.550487874063336,91.29548612593666,96.845974,-2.1474495083163845,137.24512049168362,139.39257,1.0104086,-0.188,0.917,0.13224706,0.329,-0.42112336,-0.449,-0.3879331,0.2917,0.23066812203134066,14.81419835
87,87,-5.948423955300626,90.89755004469937,96.845974,-3.252792887756385,136.13977711224362,139.39257,1.0569798,-0.188,0.917,0.1402891,0.329,-0.39349794,-0.449,-0.3871286,0.2917,0.27782070610911036,14.96564412
88,88,-4.3820404674720095,92.46393353252799,96.845974,-2.266652647256194,137.1259173527438,139.39257,1.0715946,-0.188,0.917,0.14406633,0.329,-0.4067817,-0.449,-0.37050316,0.2917,0.23473813016621653,16.84137129
89,89,-10.127245006673576,86.71872899332642,96.845974,-11.885345124948344,127.50722487505166,139.39257,0.9275897,-0.188,0.917,0.14460988,0.329,-0.10565509,-0.449,-0.05689188,0.2917,0.3986344125686775,12.96998474
90,90,-21.077454792574116,75.76851920742588,96.845974,-10.640753410564542,128.75181658943546,139.39257,0.6901423,-0.188,0.917,0.17623873,0.329,-0.3881611,-0.449,-0.24179672,0.2917,0.5065318602407791,13.19090089
91,91,-21.862655031913945,74.98331896808605,96.845974,-17.536083328383327,121.85648667161668,139.39257,0.6408587,-0.188,0.917,0.13986339,0.329,-0.11734811,-0.449,-0.013244348,0.2917,0.47402407986164746,8.682739153
92,92,-10.027914535432004,86.818059464568,96.845974,-9.435917576573871,129.95665242342614,139.39257,0.94040126,-0.188,0.917,0.13884741,0.329,-0.25272614,-0.449,-0.24277821,0.2917,0.21894228678605795,13.46432268
93,93,-13.194360290516528,83.65161370948347,96.845974,-8.789774641370059,130.60279535862995,139.39257,0.8823058,-0.188,0.917,0.15126832,0.329,-0.29539144,-0.449,-0.29810762,0.2917,0.24498612122425328,12.19946019
94,94,-7.369362821384954,89.47661117861504,96.845974,-4.1051044814937825,135.28746551850622,139.39257,0.9261542,-0.188,0.917,0.15777893,0.329,-0.4895231,-0.449,-0.39211056,0.2917,0.2641642742375528,15.95741489
95,95,-12.875762802241667,83.97021119775833,96.845974,-9.776886915620963,129.61568308437904,139.39257,0.8770944,-0.188,0.917,0.14796293,0.329,-0.289161,-0.449,-0.30371058,0.2917,0.23937435669262785,12.35372223
96,96,-7.047576560689535,89.79839743931046,96.845974,-3.3222392990562923,136.0703307009437,139.39257,0.91822207,-0.188,0.917,0.14595649,0.329,-0.44669858,-0.449,-0.39277405,0.2917,0.2619388068711887,18.6832035
97,97,-13.83789600219933,83.00807799780067,96.845974,-16.144696517019042,123.24787348298096,139.39257,0.8763177,-0.188,0.917,0.11923781,0.329,-0.12893288,-0.449,-0.089425124,0.2917,0.37555140450154373,11.52207005
98,98,-9.79552643504816,87.05044756495184,96.845974,-7.353374267056779,132.03919573294323,139.39257,1.0253385,-0.188,0.917,0.14026362,0.329,-0.28052723,-0.449,-0.21694207,0.2917,0.3935857612915302,11.63184602
99,99,-13.077717687739721,83.76825631226028,96.845974,-11.224861691817551,128.16770830818245,139.39257,0.949377,-0.188,0.917,0.124911085,0.329,-0.11140185,-0.449,0.010730288,0.2917,0.537325214029747,11.89906927
100,100,-10.905290753406561,85.94068324659344,96.845974,-10.308551875950855,129.08401812404915,139.39257,0.972356,-0.188,0.917,0.12532265,0.329,-0.11009605,-0.449,-0.022665778,0.2917,0.5630654375489058,10.46040156
101,101,-11.360135694950174,85.48583830504982,96.845974,-12.14675470154242,127.24581529845759,139.39257,1.0122117,-0.188,0.917,0.15069497,0.329,-0.082918644,-0.449,-0.004256061,0.2917,0.7189641602212881,12.45646318
102,102,-11.847910601289342,84.99806339871066,96.845974,-10.757370459710813,128.6351995402892,139.39257,0.96695817,-0.188,0.917,0.13699259,0.329,-0.10073093,-0.449,-0.043388814,0.2917,0.6173027101553535,9.635710352
103,103,-11.847910601289342,84.99806339871066,96.845974,-10.757370459710813,128.6351995402892,139.39257,0.96695817,-0.188,0.917,0.13699259,0.329,-0.10073093,-0.449,-0.043388814,0.2917,0.6173027101553535,9.559538796
104,104,-11.020972096951041,85.82500190304896,96.845974,-10.369210982140288,129.02335901785972,139.39257,0.9515262,-0.188,0.917,0.12689164,0.329,-0.09989708,-0.449,-0.03155566,0.2917,0.5674383417511215,10.02591992
105,105,-11.020972096951041,85.82500190304896,96.845974,-10.369210982140288,129.02335901785972,139.39257,0.9515262,-0.188,0.917,0.12689164,0.329,-0.099897064,-0.449,-0.03155566,0.2917,0.5674383417511215,10.10722952
106,106,-15.344590970913046,81.50138302908695,96.845974,-13.069618244965895,126.32295175503411,139.39257,0.8775419,-0.188,0.917,0.12242319,0.329,-0.14122722,-0.449,-0.13262929,0.2917,0.34897442612853546,9.749683738
107,107,-13.24369160950026,83.60228239049974,96.845974,-10.630568056911386,128.76200194308862,139.39257,0.85772467,-0.188,0.917,0.14805472,0.329,-0.32436582,-0.449,-0.3138576,0.2917,0.2746312053820252,11.88219301
108,108,-14.650607028534552,82.19536697146545,96.845974,-9.859997301357737,129.53257269864227,139.39257,0.8643331,-0.188,0.917,0.15686856,0.329,-0.33531874,-0.449,-0.34130162,0.2917,0.3087743933149464,11.52669291
109,109,-14.478838207025575,82.36713579297442,96.845974,-9.773534299212287,129.61903570078772,139.39257,0.84984946,-0.188,0.917,0.14943725,0.329,-0.22995654,-0.449,-0.103519954,0.2917,0.45820749461272825,11.06524402
110,110,-14.648474168881236,82.19749983111876,96.845974,-10.695005794301437,128.69756420569857,139.39257,0.8683219,-0.188,0.917,0.1545681,0.329,-0.24567261,-0.449,-0.13114907,0.2917,0.49343655902719724,10.89485247
111,111,-14.25555472499424,82.59041927500576,96.845974,-9.757555744409132,129.63501425559087,139.39257,0.87114304,-0.188,0.917,0.15868188,0.329,-0.3428911,-0.449,-0.34548658,0.2917,0.31509616753993264,10.50314504
112,112,-14.517595674453801,82.3283783255462,96.845974,-8.53550531269778,130.85706468730223,139.39257,0.8846069,-0.188,0.917,0.16056386,0.329,-0.35599205,-0.449,-0.3504164,0.2917,0.34003729436923036,11.48354783
113,113,-15.186303967893238,81.65967003210676,96.845974,-7.9727622732830525,131.41980772671695,139.39257,0.89937973,-0.188,0.917,0.16145511,0.329,-0.3604337,-0.449,-0.34961382,0.2917,0.3757238345494661,11.87982667
114,114,-13.960731049571194,82.8852429504288,96.845974,-8.547763738331582,130.84480626166842,139.39257,0.8900143,-0.188,0.917,0.15918185,0.329,-0.34956408,-0.449,-0.34094876,0.2917,0.3293097425373456,11.23067072
115,115,-12.250201796838468,84.59577220316153,96.845974,-9.531893909038672,129.86067609096133,139.39257,1.0911101,-0.188,0.917,0.14026362,0.329,-0.28052723,-0.449,-0.21270058,0.2917,0.4945440206791165,10.69374053
116,116,-5.241402014341105,91.6045719856589,96.845974,-2.0795511507675997,137.3130188492324,139.39257,1.0513173,-0.188,0.917,0.14226836,0.329,-0.36722887,-0.449,-0.37329328,0.2917,0.28648557431323285,11.8330502
117,117,-14.353368636265344,82.49260536373465,96.845974,-13.131351388447754,126.26121861155225,139.39257,0.8833646,-0.188,0.917,0.123526044,0.329,-0.13721266,-0.449,-0.12027113,0.2917,0.35233148697635963,9.327265969
118,118,-14.523750257634916,82.32222374236508,96.845974,-14.219898684698606,125.1726713153014,139.39257,0.91561085,-0.188,0.917,0.14043851,0.329,-0.1799756,-0.449,-0.13103123,0.2917,0.3975756669429292,11.19179647
119,119,-12.261152159121721,84.58482184087828,96.845974,-13.154081677682825,126.23848832231718,139.39257,0.87295115,-0.188,0.917,0.13177428,0.329,-0.111111194,-0.449,-0.069809474,0.2917,0.37698207126920025,9.410384061
120,120,-0.5500569323106248,95.79620281542314,96.34625974773377,10.706651753525904,143.30792000260215,132.60126824907624,0.9386877,-0.23084740340709686,0.9057461023330688,0.13402109,0.3170458972454071,-0.53608435,-0.46163612604141235,-0.47541985,0.41192511402571547,0.004168825159905243,20.15624871
121,121,-6.280394556295505,90.06586519143826,96.34625974773377,3.843913467345118,136.44518171642136,132.60126824907624,1.0760595,-0.23084740340709686,0.9057461023330688,0.14416446,0.3170458972454071,-0.440991,-0.46163612604141235,-0.38072503,0.41192511402571547,0.3084267547916088,17.64056112
122,122,-9.43458057519716,86.91167917253661,96.34625974773377,-0.34027181482781543,132.26099643424843,132.60126824907624,1.0210853,-0.23084740340709686,0.9057461023330688,0.14351997,0.3170458972454071,-0.2815978,-0.46163612604141235,-0.19850706,0.41192511402571547,0.48876803013974357,14.74334745
123,123,-10.920783053602648,85.42547669413112,96.34625974773377,-4.209645666201652,128.3916225828746,132.60126824907624,0.9925295,-0.23084740340709686,0.9057461023330688,0.13360783,0.3170458972454071,-0.10261143,-0.46163612604141235,0.00084376923,0.41192511402571547,0.5755381029347056,14.72640468
124,124,-6.155420339034649,90.19083940869912,96.34625974773377,3.9257263080289135,136.52699455710516,132.60126824907624,1.1022924,-0.23084740340709686,0.9057461023330688,0.14279953,0.3170458972454071,-0.45328388,-0.46163612604141235,-0.40403298,0.41192511402571547,0.3725486643649872,16.56877404
125,125,-8.289669295914422,88.05659045181935,96.34625974773377,-3.8202051441510037,128.78106310492524,132.60126824907624,0.9446293,-0.23084740340709686,0.9057461023330688,0.14120401,0.3170458972454071,-0.12068371,-0.46163612604141235,-0.075097114,0.41192511402571547,0.44979803510112837,16.80220776
126,126,-8.044189559946446,88.30207018778732,96.34625974773377,0.14213293510212566,132.74340118417837,132.60126824907624,0.98973674,-0.23084740340709686,0.9057461023330688,0.14103697,0.3170458972454071,-0.2339784,-0.46163612604141235,-0.2285736,0.41192511402571547,0.43424877087808295,16.9615953
127,127,-8.447841662986406,87.89841808474736,96.34625974773377,-0.15880751407243565,132.4424607350038,132.60126824907624,1.0008446,-0.23084740340709686,0.9057461023330688,0.13273194,0.3170458972454071,-0.25430226,-0.46163612604141235,-0.20808488,0.41192511402571547,0.43533286581516795,14.80358841
128,128,-5.5230758302961505,90.82318391743762,96.34625974773377,4.054520779996466,136.6557890290727,132.60126824907624,1.0606315,-0.23084740340709686,0.9057461023330688,0.1396493,0.3170458972454071,-0.42574123,-0.46163612604141235,-0.39675158,0.41192511402571547,0.243289275518004,18.44691147
129,129,-11.535579848674587,84.81067989905918,96.34625974773377,-8.72486994262286,123.87639830645338,132.60126824907624,0.9180885,-0.23084740340709686,0.9057461023330688,0.1185998,0.3170458972454071,-0.0919701,-0.46163612604141235,-0.08614433,0.41192511402571547,0.43098405434904086,11.30835771
130,130,-16.795961094267298,79.55029865346647,96.34625974773377,1.3397805195042736,133.94104876858052,132.60126824907624,0.62808526,-0.23084740340709686,0.9057461023330688,0.14251311,0.3170458972454071,-0.42737785,-0.46163612604141235,-0.3153796,0.41192511402571547,0.23429591620493428,15.67770984
131,131,-20.69900170973537,75.6472580379984,96.34625974773377,-0.286560949893385,132.31470729918286,132.60126824907624,0.6340287,-0.23084740340709686,0.9057461023330688,0.13090794,0.3170458972454071,-0.24489704,-0.46163612604141235,-0.092984065,0.41192511402571547,0.38142549168194523,13.09932773
132,132,-24.740189159406086,71.60607058832768,96.34625974773377,-1.8183646367752146,130.78290361230103,132.60126824907624,0.63555104,-0.23084740340709686,0.9057461023330688,0.121744715,0.3170458972454071,-0.13169137,-0.46163612604141235,0.14707066,0.41192511402571547,0.5083887992184046,11.59455624
133,133,-14.148397078064505,82.19786266966926,96.34625974773377,1.3602922317065236,133.96156048078277,132.60126824907624,0.76277685,-0.23084740340709686,0.9057461023330688,0.14947093,0.3170458972454071,-0.47640967,-0.46163612604141235,-0.3389284,0.41192511402571547,0.29013221711554676,14.68875408
134,134,-17.486825676817503,78.85943407091627,96.34625974773377,-0.3125148510578697,132.28875339801837,132.60126824907624,0.7413904,-0.23084740340709686,0.9057461023330688,0.14166154,0.3170458972454071,-0.36074114,-0.46163612604141235,-0.12425379,0.41192511402571547,0.43857268539996264,12.29354841
135,135,-19.172552548285722,77.17370719944805,96.34625974773377,-3.601491550035547,128.9997766990407,132.60126824907624,0.7318192,-0.23084740340709686,0.9057461023330688,0.12198956,0.3170458972454071,-0.21281205,-0.46163612604141235,0.083757885,0.41192511402571547,0.55972209850279,12.00511093
136,136,-16.435353737934065,79.9109060097997,96.34625974773377,0.5520521682091442,133.15332041728539,132.60126824907624,0.6875833,-0.23084740340709686,0.9057461023330688,0.14896621,0.3170458972454071,-0.46195498,-0.46163612604141235,-0.34915075,0.41192511402571547,0.3132048123624586,14.58597735
137,137,-9.652968366061714,86.69329138167205,96.34625974773377,0.9447868046371468,133.5460550537134,132.60126824907624,0.8382022,-0.23084740340709686,0.9057461023330688,0.15568842,0.3170458972454071,-0.4467105,-0.46163612604141235,-0.33547804,0.41192511402571547,0.27965569132095836,16.51118996
138,138,-16.12416078535412,80.22209896237965,96.34625974773377,-5.3938107824691315,127.20745746660711,132.60126824907624,0.80805826,-0.23084740340709686,0.9057461023330688,0.15181093,0.3170458972454071,-0.2993328,-0.46163612604141235,-0.14836976,0.41192511402571547,0.4258233947466748,16.82071366
139,139,-9.729775502818242,86.61648424491553,96.34625974773377,2.059382505333815,134.66065075441006,132.60126824907624,0.87486255,-0.23084740340709686,0.9057461023330688,0.15751642,0.3170458972454071,-0.4573298,-0.46163612604141235,-0.33592495,0.41192511402571547,0.28598711604384935,16.10881172
140,140,-7.088691572786047,89.25756817494772,96.34625974773377,4.315136829037868,136.9164050781141,132.60126824907624,0.91979486,-0.23084740340709686,0.9057461023330688,0.15902002,0.3170458972454071,-0.4485738,-0.46163612604141235,-0.35506418,0.41192511402571547,0.2627312981638294,19.08944845
141,141,-8.992664254816447,87.35359549291732,96.34625974773377,-0.22870094089347504,132.37256730818277,132.60126824907624,0.8082316,-0.23084740340709686,0.9057461023330688,0.17538372,0.3170458972454071,-0.3984272,-0.46163612604141235,-0.28343257,0.41192511402571547,0.20407646546324082,21.1144113
142,142,-14.022703493938323,82.32355625379545,96.34625974773377,-4.516430318297068,128.08483793077917,132.60126824907624,0.82844335,-0.23084740340709686,0.9057461023330688,0.16668424,0.3170458972454071,-0.2078517,-0.46163612604141235,-0.09136092,0.41192511402571547,0.3646303917406689,17.05556178
143,143,-18.729658141377584,77.61660160635618,96.34625974773377,-10.46880199496961,122.13246625410663,132.60126824907624,0.80475277,-0.23084740340709686,0.9057461023330688,0.15702707,0.3170458972454071,-0.06955046,-0.46163612604141235,0.07722208,0.41192511402571547,0.4813596980901862,14.71658478
144,144,-5.126321866539314,91.21993788119445,96.34625974773377,3.829395963272191,136.43066421234843,132.60126824907624,0.9921866,-0.23084740340709686,0.9057461023330688,0.13151877,0.3170458972454071,-0.39455634,-0.46163612604141235,-0.35060573,0.41192511402571547,0.18308014300730124,16.14636355
145,145,-8.616153527059254,87.73010622067451,96.34625974773377,0.3656226950543555,132.9668909441306,132.60126824907624,0.9666226,-0.23084740340709686,0.9057461023330688,0.12673844,0.3170458972454071,-0.20471261,-0.46163612604141235,-0.1622301,0.41192511402571547,0.3370705104352985,12.93889601
146,146,-5.050773621797106,91.29548612593666,96.34625974773377,4.64385224260738,137.24512049168362,132.60126824907624,1.0104086,-0.23084740340709686,0.9057461023330688,0.13224706,0.3170458972454071,-0.42112336,-0.46163612604141235,-0.3879331,0.41192511402571547,0.23066812203134066,16.38111906
147,147,-5.448709703034396,90.89755004469937,96.34625974773377,3.5385088631673796,136.13977711224362,132.60126824907624,1.0569798,-0.23084740340709686,0.9057461023330688,0.1402891,0.3170458972454071,-0.39349794,-0.46163612604141235,-0.3871286,0.41192511402571547,0.27782070610911036,17.17408274
148,148,-3.8823262152057794,92.46393353252799,96.34625974773377,4.524649103667571,137.1259173527438,132.60126824907624,1.0715946,-0.23084740340709686,0.9057461023330688,0.14406633,0.3170458972454071,-0.4067817,-0.46163612604141235,-0.37050316,0.41192511402571547,0.23473813016621653,20.98388608
149,149,-9.627530754407346,86.71872899332642,96.34625974773377,-5.094043374024579,127.50722487505166,132.60126824907624,0.9275897,-0.23084740340709686,0.9057461023330688,0.14460988,0.3170458972454071,-0.10565509,-0.46163612604141235,-0.05689188,0.41192511402571547,0.3986344125686775,14.94096478
150,150,-20.577740540307886,75.76851920742588,96.34625974773377,-3.8494516596407777,128.75181658943546,132.60126824907624,0.6901423,-0.23084740340709686,0.9057461023330688,0.17623873,0.3170458972454071,-0.3881611,-0.46163612604141235,-0.24179672,0.41192511402571547,0.5065318602407791,18.22312446
151,151,-21.362940779647715,74.98331896808605,96.34625974773377,-10.744781577459563,121.85648667161668,132.60126824907624,0.6408587,-0.23084740340709686,0.9057461023330688,0.13986339,0.3170458972454071,-0.11734811,-0.46163612604141235,-0.013244348,0.41192511402571547,0.47402407986164746,11.01891621
152,152,-9.528200283165773,86.818059464568,96.34625974773377,-2.6446158256501064,129.95665242342614,132.60126824907624,0.94040126,-0.23084740340709686,0.9057461023330688,0.13884741,0.3170458972454071,-0.25272614,-0.46163612604141235,-0.24277821,0.41192511402571547,0.21894228678605795,12.52243017
153,153,-12.694646038250298,83.65161370948347,96.34625974773377,-1.998472890446294,130.60279535862995,132.60126824907624,0.8823058,-0.23084740340709686,0.9057461023330688,0.15126832,0.3170458972454071,-0.29539144,-0.46163612604141235,-0.29810762,0.41192511402571547,0.24498612122425328,13.99993133
154,154,-6.8696485691187235,89.47661117861504,96.34625974773377,2.6861972694299823,135.28746551850622,132.60126824907624,0.9261542,-0.23084740340709686,0.9057461023330688,0.15777893,0.3170458972454071,-0.4895231,-0.46163612604141235,-0.39211056,0.41192511402571547,0.2641642742375528,17.04019658
155,155,-12.376048549975437,83.97021119775833,96.34625974773377,-2.9855851646971985,129.61568308437904,132.60126824907624,0.8770944,-0.23084740340709686,0.9057461023330688,0.14796293,0.3170458972454071,-0.289161,-0.46163612604141235,-0.30371058,0.41192511402571547,0.23937435669262785,12.97494771
156,156,-6.547862308423305,89.79839743931046,96.34625974773377,3.4690624518674724,136.0703307009437,132.60126824907624,0.91822207,-0.23084740340709686,0.9057461023330688,0.14595649,0.3170458972454071,-0.44669858,-0.46163612604141235,-0.39277405,0.41192511402571547,0.2619388068711887,17.67825878
157,157,-13.3381817499331,83.00807799780067,96.34625974773377,-9.353394766095278,123.24787348298096,132.60126824907624,0.8763177,-0.23084740340709686,0.9057461023330688,0.11923781,0.3170458972454071,-0.12893288,-0.46163612604141235,-0.089425124,0.41192511402571547,0.37555140450154373,11.70049185
158,158,-9.29581218278193,87.05044756495184,96.34625974773377,-0.5620725161330142,132.03919573294323,132.60126824907624,1.0253385,-0.23084740340709686,0.9057461023330688,0.14026362,0.3170458972454071,-0.28052723,-0.46163612604141235,-0.21694207,0.41192511402571547,0.3935857612915302,12.15709762
159,159,-12.57800343547349,83.76825631226028,96.34625974773377,-4.433559940893787,128.16770830818245,132.60126824907624,0.949377,-0.23084740340709686,0.9057461023330688,0.124911085,0.3170458972454071,-0.11140185,-0.46163612604141235,0.010730288,0.41192511402571547,0.537325214029747,14.25337384
160,160,-10.405576501140331,85.94068324659344,96.34625974773377,-3.51725012502709,129.08401812404915,132.60126824907624,0.972356,-0.23084740340709686,0.9057461023330688,0.12532265,0.3170458972454071,-0.11009605,-0.46163612604141235,-0.022665778,0.41192511402571547,0.5630654375489058,12.39645691
161,161,-10.860421442683943,85.48583830504982,96.34625974773377,-5.3554529506186554,127.24581529845759,132.60126824907624,1.0122117,-0.23084740340709686,0.9057461023330688,0.15069497,0.3170458972454071,-0.082918644,-0.46163612604141235,-0.004256061,0.41192511402571547,0.7189641602212881,15.75442357
162,162,-11.348196349023112,84.99806339871066,96.34625974773377,-3.9660687087870485,128.6351995402892,132.60126824907624,0.96695817,-0.23084740340709686,0.9057461023330688,0.13699259,0.3170458972454071,-0.10073093,-0.46163612604141235,-0.043388814,0.41192511402571547,0.6173027101553535,13.10816181
163,163,-11.348196349023112,84.99806339871066,96.34625974773377,-3.9660687087870485,128.6351995402892,132.60126824907624,0.96695817,-0.23084740340709686,0.9057461023330688,0.13699259,0.3170458972454071,-0.10073093,-0.46163612604141235,-0.043388814,0.41192511402571547,0.6173027101553535,11.86103965
164,164,-10.521257844684811,85.82500190304896,96.34625974773377,-3.5779092312165233,129.02335901785972,132.60126824907624,0.9515262,-0.23084740340709686,0.9057461023330688,0.12689164,0.3170458972454071,-0.09989708,-0.46163612604141235,-0.03155566,0.41192511402571547,0.5674383417511215,12.24363187
165,165,-10.521257844684811,85.82500190304896,96.34625974773377,-3.5779092312165233,129.02335901785972,132.60126824907624,0.9515262,-0.23084740340709686,0.9057461023330688,0.12689164,0.3170458972454071,-0.099897064,-0.46163612604141235,-0.03155566,0.41192511402571547,0.5674383417511215,11.9116772
166,166,-14.844876718646816,81.50138302908695,96.34625974773377,-6.27831649404213,126.32295175503411,132.60126824907624,0.8775419,-0.23084740340709686,0.9057461023330688,0.12242319,0.3170458972454071,-0.14122722,-0.46163612604141235,-0.13262929,0.41192511402571547,0.34897442612853546,9.694479174
167,167,-12.74397735723403,83.60228239049974,96.34625974773377,-3.8392663059876213,128.76200194308862,132.60126824907624,0.85772467,-0.23084740340709686,0.9057461023330688,0.14805472,0.3170458972454071,-0.32436582,-0.46163612604141235,-0.3138576,0.41192511402571547,0.2746312053820252,14.00710816
168,168,-14.150892776268321,82.19536697146545,96.34625974773377,-3.068695550433972,129.53257269864227,132.60126824907624,0.8643331,-0.23084740340709686,0.9057461023330688,0.15686856,0.3170458972454071,-0.33531874,-0.46163612604141235,-0.34130162,0.41192511402571547,0.3087743933149464,13.31758072
169,169,-13.979123954759345,82.36713579297442,96.34625974773377,-2.982232548288522,129.61903570078772,132.60126824907624,0.84984946,-0.23084740340709686,0.9057461023330688,0.14943725,0.3170458972454071,-0.22995654,-0.46163612604141235,-0.103519954,0.41192511402571547,0.45820749461272825,12.46826037
170,170,-14.148759916615006,82.19749983111876,96.34625974773377,-3.9037040433776724,128.69756420569857,132.60126824907624,0.8683219,-0.23084740340709686,0.9057461023330688,0.1545681,0.3170458972454071,-0.24567261,-0.46163612604141235,-0.13114907,0.41192511402571547,0.49343655902719724,12.39336517
171,171,-13.75584047272801,82.59041927500576,96.34625974773377,-2.966253993485367,129.63501425559087,132.60126824907624,0.87114304,-0.23084740340709686,0.9057461023330688,0.15868188,0.3170458972454071,-0.3428911,-0.46163612604141235,-0.34548658,0.41192511402571547,0.31509616753993264,12.71909808
172,172,-14.017881422187571,82.3283783255462,96.34625974773377,-1.7442035617740146,130.85706468730223,132.60126824907624,0.8846069,-0.23084740340709686,0.9057461023330688,0.16056386,0.3170458972454071,-0.35599205,-0.46163612604141235,-0.3504164,0.41192511402571547,0.34003729436923036,11.74575101
173,173,-14.686589715627008,81.65967003210676,96.34625974773377,-1.1814605223592878,131.41980772671695,132.60126824907624,0.89937973,-0.23084740340709686,0.9057461023330688,0.16145511,0.3170458972454071,-0.3604337,-0.46163612604141235,-0.34961382,0.41192511402571547,0.3757238345494661,13.30177124
174,174,-13.461016797304964,82.8852429504288,96.34625974773377,-1.7564619874078176,130.84480626166842,132.60126824907624,0.8900143,-0.23084740340709686,0.9057461023330688,0.15918185,0.3170458972454071,-0.34956408,-0.46163612604141235,-0.34094876,0.41192511402571547,0.3293097425373456,12.31580431
175,175,-11.750487544572238,84.59577220316153,96.34625974773377,-2.7405921581149073,129.86067609096133,132.60126824907624,1.0911101,-0.23084740340709686,0.9057461023330688,0.14026362,0.3170458972454071,-0.28052723,-0.46163612604141235,-0.21270058,0.41192511402571547,0.4945440206791165,12.40164893
176,176,-4.741687762074875,91.6045719856589,96.34625974773377,4.711750600156165,137.3130188492324,132.60126824907624,1.0513173,-0.23084740340709686,0.9057461023330688,0.14226836,0.3170458972454071,-0.36722887,-0.46163612604141235,-0.37329328,0.41192511402571547,0.28648557431323285,14.63644861
177,177,-13.853654383999114,82.49260536373465,96.34625974773377,-6.34004963752399,126.26121861155225,132.60126824907624,0.8833646,-0.23084740340709686,0.9057461023330688,0.123526044,0.3170458972454071,-0.13721266,-0.46163612604141235,-0.12027113,0.41192511402571547,0.35233148697635963,11.59865513
178,178,-14.024036005368686,82.32222374236508,96.34625974773377,-7.428596933774841,125.1726713153014,132.60126824907624,0.91561085,-0.23084740340709686,0.9057461023330688,0.14043851,0.3170458972454071,-0.1799756,-0.46163612604141235,-0.13103123,0.41192511402571547,0.3975756669429292,11.73348695
179,179,-11.761437906855491,84.58482184087828,96.34625974773377,-6.36277992675906,126.23848832231718,132.60126824907624,0.87295115,-0.23084740340709686,0.9057461023330688,0.13177428,0.3170458972454071,-0.111111194,-0.46163612604141235,-0.069809474,0.41192511402571547,0.37698207126920025,11.94163139
180,180,1.8952708670542506,95.79620281542314,93.90093194836889,9.35618486297227,143.30792000260215,133.95173513962987,0.9386877,-0.24502582848072052,0.8891979455947876,0.13402109,0.31143152713775635,-0.53608435,-0.46010464429855347,-0.47541985,0.39383728297795223,0.004168825159905243,17.99451818
181,181,-3.8350667569306296,90.06586519143826,93.90093194836889,2.4934465767914844,136.44518171642136,133.95173513962987,1.0760595,-0.24502582848072052,0.8891979455947876,0.14416446,0.31143152713775635,-0.440991,-0.46010464429855347,-0.38072503,0.39383728297795223,0.3084267547916088,17.32763192
182,182,-6.989252775832284,86.91167917253661,93.90093194836889,-1.6907387053814489,132.26099643424843,133.95173513962987,1.0210853,-0.24502582848072052,0.8891979455947876,0.14351997,0.31143152713775635,-0.2815978,-0.46010464429855347,-0.19850706,0.39383728297795223,0.48876803013974357,15.55095282
183,183,-8.475455254237772,85.42547669413112,93.90093194836889,-5.560112556755286,128.3916225828746,133.95173513962987,0.9925295,-0.24502582848072052,0.8891979455947876,0.13360783,0.31143152713775635,-0.10261143,-0.46010464429855347,0.00084376923,0.39383728297795223,0.5755381029347056,13.46349751
184,184,-3.7100925396697733,90.19083940869912,93.90093194836889,2.57525941747528,136.52699455710516,133.95173513962987,1.1022924,-0.24502582848072052,0.8891979455947876,0.14279953,0.31143152713775635,-0.45328388,-0.46010464429855347,-0.40403298,0.39383728297795223,0.3725486643649872,16.23863601
185,185,-5.844341496549546,88.05659045181935,93.90093194836889,-5.170672034704637,128.78106310492524,133.95173513962987,0.9446293,-0.24502582848072052,0.8891979455947876,0.14120401,0.31143152713775635,-0.12068371,-0.46010464429855347,-0.075097114,0.39383728297795223,0.44979803510112837,15.94876278
186,186,-5.5988617605815705,88.30207018778732,93.90093194836889,-1.2083339554515078,132.74340118417837,133.95173513962987,0.98973674,-0.24502582848072052,0.8891979455947876,0.14103697,0.31143152713775635,-0.2339784,-0.46010464429855347,-0.2285736,0.39383728297795223,0.43424877087808295,18.59120802
187,187,-6.00251386362153,87.89841808474736,93.90093194836889,-1.509274404626069,132.4424607350038,133.95173513962987,1.0008446,-0.24502582848072052,0.8891979455947876,0.13273194,0.31143152713775635,-0.25430226,-0.46010464429855347,-0.20808488,0.39383728297795223,0.43533286581516795,17.42730561
188,188,-3.077748030931275,90.82318391743762,93.90093194836889,2.7040538894428323,136.6557890290727,133.95173513962987,1.0606315,-0.24502582848072052,0.8891979455947876,0.1396493,0.31143152713775635,-0.42574123,-0.46010464429855347,-0.39675158,0.39383728297795223,0.243289275518004,FALSE
189,189,-9.090252049309711,84.81067989905918,93.90093194836889,-10.075336833176493,123.87639830645338,133.95173513962987,0.9180885,-0.24502582848072052,0.8891979455947876,0.1185998,0.31143152713775635,-0.0919701,-0.46010464429855347,-0.08614433,0.39383728297795223,0.43098405434904086,14.256571
190,190,-14.350633294902423,79.55029865346647,93.90093194836889,-0.010686371049359877,133.94104876858052,133.95173513962987,0.62808526,-0.24502582848072052,0.8891979455947876,0.14251311,0.31143152713775635,-0.42737785,-0.46010464429855347,-0.3153796,0.39383728297795223,0.23429591620493428,15.17135069
191,191,-18.253673910370495,75.6472580379984,93.90093194836889,-1.6370278404470184,132.31470729918286,133.95173513962987,0.6340287,-0.24502582848072052,0.8891979455947876,0.13090794,0.31143152713775635,-0.24489704,-0.46010464429855347,-0.092984065,0.39383728297795223,0.38142549168194523,12.9760948
192,192,-22.29486136004121,71.60607058832768,93.90093194836889,-3.168831527328848,130.78290361230103,133.95173513962987,0.63555104,-0.24502582848072052,0.8891979455947876,0.121744715,0.31143152713775635,-0.13169137,-0.46010464429855347,0.14707066,0.39383728297795223,0.5083887992184046,12.35059221
193,193,-11.70306927869963,82.19786266966926,93.90093194836889,0.009825341152890132,133.96156048078277,133.95173513962987,0.76277685,-0.24502582848072052,0.8891979455947876,0.14947093,0.31143152713775635,-0.47640967,-0.46010464429855347,-0.3389284,0.39383728297795223,0.29013221711554676,14.85768981
194,194,-15.041497877452628,78.85943407091627,93.90093194836889,-1.6629817416115031,132.28875339801837,133.95173513962987,0.7413904,-0.24502582848072052,0.8891979455947876,0.14166154,0.31143152713775635,-0.36074114,-0.46010464429855347,-0.12425379,0.39383728297795223,0.43857268539996264,12.8959304
195,195,-16.727224748920847,77.17370719944805,93.90093194836889,-4.9519584405891806,128.9997766990407,133.95173513962987,0.7318192,-0.24502582848072052,0.8891979455947876,0.12198956,0.31143152713775635,-0.21281205,-0.46010464429855347,0.083757885,0.39383728297795223,0.55972209850279,13.08751297
196,196,-13.99002593856919,79.9109060097997,93.90093194836889,-0.7984147223444893,133.15332041728539,133.95173513962987,0.6875833,-0.24502582848072052,0.8891979455947876,0.14896621,0.31143152713775635,-0.46195498,-0.46010464429855347,-0.34915075,0.39383728297795223,0.3132048123624586,15.43064158
197,197,-7.207640566696838,86.69329138167205,93.90093194836889,-0.40568008591648663,133.5460550537134,133.95173513962987,0.8382022,-0.24502582848072052,0.8891979455947876,0.15568842,0.31143152713775635,-0.4467105,-0.46010464429855347,-0.33547804,0.39383728297795223,0.27965569132095836,19.11403618
198,198,-13.678832985989246,80.22209896237965,93.90093194836889,-6.744277673022765,127.20745746660711,133.95173513962987,0.80805826,-0.24502582848072052,0.8891979455947876,0.15181093,0.31143152713775635,-0.2993328,-0.46010464429855347,-0.14836976,0.39383728297795223,0.4258233947466748,16.31578021
199,199,-7.284447703453367,86.61648424491553,93.90093194836889,0.7089156147801816,134.66065075441006,133.95173513962987,0.87486255,-0.24502582848072052,0.8891979455947876,0.15751642,0.31143152713775635,-0.4573298,-0.46010464429855347,-0.33592495,0.39383728297795223,0.28598711604384935,18.15332213
200,200,-4.6433637734211715,89.25756817494772,93.90093194836889,2.964669938484235,136.9164050781141,133.95173513962987,0.91979486,-0.24502582848072052,0.8891979455947876,0.15902002,0.31143152713775635,-0.4485738,-0.46010464429855347,-0.35506418,0.39383728297795223,0.2627312981638294,20.0849002
201,201,-6.547336455451571,87.35359549291732,93.90093194836889,-1.5791678314471085,132.37256730818277,133.95173513962987,0.8082316,-0.24502582848072052,0.8891979455947876,0.17538372,0.31143152713775635,-0.3984272,-0.46010464429855347,-0.28343257,0.39383728297795223,0.20407646546324082,19.22949362
202,202,-11.577375694573448,82.32355625379545,93.90093194836889,-5.866897208850702,128.08483793077917,133.95173513962987,0.82844335,-0.24502582848072052,0.8891979455947876,0.16668424,0.31143152713775635,-0.2078517,-0.46010464429855347,-0.09136092,0.39383728297795223,0.3646303917406689,17.50809941
203,203,-16.28433034201271,77.61660160635618,93.90093194836889,-11.819268885523243,122.13246625410663,133.95173513962987,0.80475277,-0.24502582848072052,0.8891979455947876,0.15702707,0.31143152713775635,-0.06955046,-0.46010464429855347,0.07722208,0.39383728297795223,0.4813596980901862,14.80742877
204,204,-2.6809940671744386,91.21993788119445,93.90093194836889,2.4789290727185573,136.43066421234843,133.95173513962987,0.9921866,-0.24502582848072052,0.8891979455947876,0.13151877,0.31143152713775635,-0.39455634,-0.46010464429855347,-0.35060573,0.39383728297795223,0.18308014300730124,16.8370613
205,205,-6.170825727694378,87.73010622067451,93.90093194836889,-0.9848441954992779,132.9668909441306,133.95173513962987,0.9666226,-0.24502582848072052,0.8891979455947876,0.12673844,0.31143152713775635,-0.20471261,-0.46010464429855347,-0.1622301,0.39383728297795223,0.3370705104352985,15.05230953
206,206,-2.6054458224322303,91.29548612593666,93.90093194836889,3.293385352053747,137.24512049168362,133.95173513962987,1.0104086,-0.24502582848072052,0.8891979455947876,0.13224706,0.31143152713775635,-0.42112336,-0.46010464429855347,-0.3879331,0.39383728297795223,0.23066812203134066,17.39893965
207,207,-3.0033819036695206,90.89755004469937,93.90093194836889,2.188041972613746,136.13977711224362,133.95173513962987,1.0569798,-0.24502582848072052,0.8891979455947876,0.1402891,0.31143152713775635,-0.39349794,-0.46010464429855347,-0.3871286,0.39383728297795223,0.27782070610911036,16.89578456
208,208,-1.436998415840904,92.46393353252799,93.90093194836889,3.1741822131139372,137.1259173527438,133.95173513962987,1.0715946,-0.24502582848072052,0.8891979455947876,0.14406633,0.31143152713775635,-0.4067817,-0.46010464429855347,-0.37050316,0.39383728297795223,0.23473813016621653,19.88403111
209,209,-7.18220295504247,86.71872899332642,93.90093194836889,-6.444510264578213,127.50722487505166,133.95173513962987,0.9275897,-0.24502582848072052,0.8891979455947876,0.14460988,0.31143152713775635,-0.10565509,-0.46010464429855347,-0.05689188,0.39383728297795223,0.3986344125686775,16.9140313
210,210,-18.13241274094301,75.76851920742588,93.90093194836889,-5.199918550194411,128.75181658943546,133.95173513962987,0.6901423,-0.24502582848072052,0.8891979455947876,0.17623873,0.31143152713775635,-0.3881611,-0.46010464429855347,-0.24179672,0.39383728297795223,0.5065318602407791,17.77799522
211,211,-18.91761298028284,74.98331896808605,93.90093194836889,-12.095248468013196,121.85648667161668,133.95173513962987,0.6408587,-0.24502582848072052,0.8891979455947876,0.13986339,0.31143152713775635,-0.11734811,-0.46010464429855347,-0.013244348,0.39383728297795223,0.47402407986164746,11.28332634
212,212,-7.082872483800898,86.818059464568,93.90093194836889,-3.99508271620374,129.95665242342614,133.95173513962987,0.94040126,-0.24502582848072052,0.8891979455947876,0.13884741,0.31143152713775635,-0.25272614,-0.46010464429855347,-0.24277821,0.39383728297795223,0.21894228678605795,14.05286431
213,213,-10.249318238885422,83.65161370948347,93.90093194836889,-3.3489397809999275,130.60279535862995,133.95173513962987,0.8823058,-0.24502582848072052,0.8891979455947876,0.15126832,0.31143152713775635,-0.29539144,-0.46010464429855347,-0.29810762,0.39383728297795223,0.24498612122425328,13.79384136
214,214,-4.424320769753848,89.47661117861504,93.90093194836889,1.3357303788763488,135.28746551850622,133.95173513962987,0.9261542,-0.24502582848072052,0.8891979455947876,0.15777893,0.31143152713775635,-0.4895231,-0.46010464429855347,-0.39211056,0.39383728297795223,0.2641642742375528,18.46954011
215,215,-9.930720750610561,83.97021119775833,93.90093194836889,-4.336052055250832,129.61568308437904,133.95173513962987,0.8770944,-0.24502582848072052,0.8891979455947876,0.14796293,0.31143152713775635,-0.289161,-0.46010464429855347,-0.30371058,0.39383728297795223,0.23937435669262785,14.39251226
216,216,-4.1025345090584295,89.79839743931046,93.90093194836889,2.118595561313839,136.0703307009437,133.95173513962987,0.91822207,-0.24502582848072052,0.8891979455947876,0.14595649,0.31143152713775635,-0.44669858,-0.46010464429855347,-0.39277405,0.39383728297795223,0.2619388068711887,18.3320238
217,217,-10.892853950568224,83.00807799780067,93.90093194836889,-10.703861656648911,123.24787348298096,133.95173513962987,0.8763177,-0.24502582848072052,0.8891979455947876,0.11923781,0.31143152713775635,-0.12893288,-0.46010464429855347,-0.089425124,0.39383728297795223,0.37555140450154373,13.29646187
218,218,-6.850484383417054,87.05044756495184,93.90093194836889,-1.9125394066866477,132.03919573294323,133.95173513962987,1.0253385,-0.24502582848072052,0.8891979455947876,0.14026362,0.31143152713775635,-0.28052723,-0.46010464429855347,-0.21694207,0.39383728297795223,0.3935857612915302,13.69345796
219,219,-10.132675636108615,83.76825631226028,93.90093194836889,-5.78402683144742,128.16770830818245,133.95173513962987,0.949377,-0.24502582848072052,0.8891979455947876,0.124911085,0.31143152713775635,-0.11140185,-0.46010464429855347,0.010730288,0.39383728297795223,0.537325214029747,14.82319873
220,220,-7.9602487017754555,85.94068324659344,93.90093194836889,-4.867717015580723,129.08401812404915,133.95173513962987,0.972356,-0.24502582848072052,0.8891979455947876,0.12532265,0.31143152713775635,-0.11009605,-0.46010464429855347,-0.022665778,0.39383728297795223,0.5630654375489058,13.0549201
221,221,-8.415093643319068,85.48583830504982,93.90093194836889,-6.705919841172289,127.24581529845759,133.95173513962987,1.0122117,-0.24502582848072052,0.8891979455947876,0.15069497,0.31143152713775635,-0.082918644,-0.46010464429855347,-0.004256061,0.39383728297795223,0.7189641602212881,14.43155969
222,222,-8.902868549658237,84.99806339871066,93.90093194836889,-5.316535599340682,128.6351995402892,133.95173513962987,0.96695817,-0.24502582848072052,0.8891979455947876,0.13699259,0.31143152713775635,-0.10073093,-0.46010464429855347,-0.043388814,0.39383728297795223,0.6173027101553535,FALSE
223,223,-8.902868549658237,84.99806339871066,93.90093194836889,-5.316535599340682,128.6351995402892,133.95173513962987,0.96695817,-0.24502582848072052,0.8891979455947876,0.13699259,0.31143152713775635,-0.10073093,-0.46010464429855347,-0.043388814,0.39383728297795223,0.6173027101553535,11.96520945
224,224,-8.075930045319936,85.82500190304896,93.90093194836889,-4.928376121770157,129.02335901785972,133.95173513962987,0.9515262,-0.24502582848072052,0.8891979455947876,0.12689164,0.31143152713775635,-0.09989708,-0.46010464429855347,-0.03155566,0.39383728297795223,0.5674383417511215,13.15922669
225,225,-8.075930045319936,85.82500190304896,93.90093194836889,-4.928376121770157,129.02335901785972,133.95173513962987,0.9515262,-0.24502582848072052,0.8891979455947876,0.12689164,0.31143152713775635,-0.099897064,-0.46010464429855347,-0.03155566,0.39383728297795223,0.5674383417511215,12.59379751
226,226,-12.39954891928194,81.50138302908695,93.90093194836889,-7.6287833845957636,126.32295175503411,133.95173513962987,0.8775419,-0.24502582848072052,0.8891979455947876,0.12242319,0.31143152713775635,-0.14122722,-0.46010464429855347,-0.13262929,0.39383728297795223,0.34897442612853546,10.57363449
227,227,-10.298649557869155,83.60228239049974,93.90093194836889,-5.189733196541255,128.76200194308862,133.95173513962987,0.85772467,-0.24502582848072052,0.8891979455947876,0.14805472,0.31143152713775635,-0.32436582,-0.46010464429855347,-0.3138576,0.39383728297795223,0.2746312053820252,13.93634198
228,228,-11.705564976903446,82.19536697146545,93.90093194836889,-4.419162440987606,129.53257269864227,133.95173513962987,0.8643331,-0.24502582848072052,0.8891979455947876,0.15686856,0.31143152713775635,-0.33531874,-0.46010464429855347,-0.34130162,0.39383728297795223,0.3087743933149464,14.49078095
229,229,-11.53379615539447,82.36713579297442,93.90093194836889,-4.332699438842155,129.61903570078772,133.95173513962987,0.84984946,-0.24502582848072052,0.8891979455947876,0.14943725,0.31143152713775635,-0.22995654,-0.46010464429855347,-0.103519954,0.39383728297795223,0.45820749461272825,12.57937043
230,230,-11.70343211725013,82.19749983111876,93.90093194836889,-5.254170933931306,128.69756420569857,133.95173513962987,0.8683219,-0.24502582848072052,0.8891979455947876,0.1545681,0.31143152713775635,-0.24567261,-0.46010464429855347,-0.13114907,0.39383728297795223,0.49343655902719724,13.87179128
231,231,-11.310512673363135,82.59041927500576,93.90093194836889,-4.316720884039,129.63501425559087,133.95173513962987,0.87114304,-0.24502582848072052,0.8891979455947876,0.15868188,0.31143152713775635,-0.3428911,-0.46010464429855347,-0.34548658,0.39383728297795223,0.31509616753993264,13.72479706
232,232,-11.572553622822696,82.3283783255462,93.90093194836889,-3.094670452327648,130.85706468730223,133.95173513962987,0.8846069,-0.24502582848072052,0.8891979455947876,0.16056386,0.31143152713775635,-0.35599205,-0.46010464429855347,-0.3504164,0.39383728297795223,0.34003729436923036,13.53374098
233,233,-12.241261916262133,81.65967003210676,93.90093194836889,-2.5319274129129212,131.41980772671695,133.95173513962987,0.89937973,-0.24502582848072052,0.8891979455947876,0.16145511,0.31143152713775635,-0.3604337,-0.46010464429855347,-0.34961382,0.39383728297795223,0.3757238345494661,14.2278028
234,234,-11.015688997940089,82.8852429504288,93.90093194836889,-3.106928877961451,130.84480626166842,133.95173513962987,0.8900143,-0.24502582848072052,0.8891979455947876,0.15918185,0.31143152713775635,-0.34956408,-0.46010464429855347,-0.34094876,0.39383728297795223,0.3293097425373456,13.44905599
235,235,-9.305159745207362,84.59577220316153,93.90093194836889,-4.091059048668541,129.86067609096133,133.95173513962987,1.0911101,-0.24502582848072052,0.8891979455947876,0.14026362,0.31143152713775635,-0.28052723,-0.46010464429855347,-0.21270058,0.39383728297795223,0.4945440206791165,12.80615317
236,236,-2.2963599627099995,91.6045719856589,93.90093194836889,3.3612837096025316,137.3130188492324,133.95173513962987,1.0513173,-0.24502582848072052,0.8891979455947876,0.14226836,0.31143152713775635,-0.36722887,-0.46010464429855347,-0.37329328,0.39383728297795223,0.28648557431323285,15.01895047
237,237,-11.408326584634239,82.49260536373465,93.90093194836889,-7.690516528077623,126.26121861155225,133.95173513962987,0.8833646,-0.24502582848072052,0.8891979455947876,0.123526044,0.31143152713775635,-0.13721266,-0.46010464429855347,-0.12027113,0.39383728297795223,0.35233148697635963,12.11891426
238,238,-11.57870820600381,82.32222374236508,93.90093194836889,-8.779063824328475,125.1726713153014,133.95173513962987,0.91561085,-0.24502582848072052,0.8891979455947876,0.14043851,0.31143152713775635,-0.1799756,-0.46010464429855347,-0.13103123,0.39383728297795223,0.3975756669429292,12.01292782
239,239,-9.316110107490616,84.58482184087828,93.90093194836889,-7.713246817312694,126.23848832231718,133.95173513962987,0.87295115,-0.24502582848072052,0.8891979455947876,0.13177428,0.31143152713775635,-0.111111194,-0.46010464429855347,-0.069809474,0.39383728297795223,0.37698207126920025,12.46120026
240,240,-0.9569001845768526,95.79620281542314,96.753103,6.279200002602153,143.30792000260215,137.02872,0.9386877,-0.181,0.912,0.13402109,0.32,-0.53608435,-0.437,-0.47541985,0.3383,0.004168825159905243,18.13001892
241,241,-6.687237808561733,90.06586519143826,96.753103,-0.5835382835786334,136.44518171642136,137.02872,1.0760595,-0.181,0.912,0.14416446,0.32,-0.440991,-0.437,-0.38072503,0.3383,0.3084267547916088,13.59249411
242,242,-9.841423827463387,86.91167917253661,96.753103,-4.767723565751567,132.26099643424843,137.02872,1.0210853,-0.181,0.912,0.14351997,0.32,-0.2815978,-0.437,-0.19850706,0.3383,0.48876803013974357,11.03601837
243,243,-11.327626305868876,85.42547669413112,96.753103,-8.637097417125403,128.3916225828746,137.02872,0.9925295,-0.181,0.912,0.13360783,0.32,-0.10261143,-0.437,0.00084376923,0.3383,0.5755381029347056,10.19327244
244,244,-6.562263591300876,90.19083940869912,96.753103,-0.5017254428948377,136.52699455710516,137.02872,1.1022924,-0.181,0.912,0.14279953,0.32,-0.45328388,-0.437,-0.40403298,0.3383,0.3725486643649872,13.90185654
245,245,-8.69651254818065,88.05659045181935,96.753103,-8.247656895074755,128.78106310492524,137.02872,0.9446293,-0.181,0.912,0.14120401,0.32,-0.12068371,-0.437,-0.075097114,0.3383,0.44979803510112837,14.0311236
246,246,-8.451032812212674,88.30207018778732,96.753103,-4.2853188158216255,132.74340118417837,137.02872,0.98973674,-0.181,0.912,0.14103697,0.32,-0.2339784,-0.437,-0.2285736,0.3383,0.43424877087808295,13.17582747
247,247,-8.854684915252633,87.89841808474736,96.753103,-4.586259264996187,132.4424607350038,137.02872,1.0008446,-0.181,0.912,0.13273194,0.32,-0.25430226,-0.437,-0.20808488,0.3383,0.43533286581516795,12.25025022
248,248,-5.929919082562378,90.82318391743762,96.753103,-0.37293097092728544,136.6557890290727,137.02872,1.0606315,-0.181,0.912,0.1396493,0.32,-0.42574123,-0.437,-0.39675158,0.3383,0.243289275518004,14.94477816
249,249,-11.942423100940815,84.81067989905918,96.753103,-13.152321693546611,123.87639830645338,137.02872,0.9180885,-0.181,0.912,0.1185998,0.32,-0.0919701,-0.437,-0.08614433,0.3383,0.43098405434904086,9.21059178
250,250,-17.202804346533526,79.55029865346647,96.753103,-3.0876712314194776,133.94104876858052,137.02872,0.62808526,-0.181,0.912,0.14251311,0.32,-0.42737785,-0.437,-0.3153796,0.3383,0.23429591620493428,11.58508962
251,251,-21.105844962001598,75.6472580379984,96.753103,-4.714012700817136,132.31470729918286,137.02872,0.6340287,-0.181,0.912,0.13090794,0.32,-0.24489704,-0.437,-0.092984065,0.3383,0.38142549168194523,10.2472383
252,252,-25.147032411672313,71.60607058832768,96.753103,-6.245816387698966,130.78290361230103,137.02872,0.63555104,-0.181,0.912,0.121744715,0.32,-0.13169137,-0.437,0.14707066,0.3383,0.5083887992184046,10.60805655
253,253,-14.555240330330733,82.19786266966926,96.753103,-3.0671595192172276,133.96156048078277,137.02872,0.76277685,-0.181,0.912,0.14947093,0.32,-0.47640967,-0.437,-0.3389284,0.3383,0.29013221711554676,11.58446211
254,254,-17.89366892908373,78.85943407091627,96.753103,-4.739966601981621,132.28875339801837,137.02872,0.7413904,-0.181,0.912,0.14166154,0.32,-0.36074114,-0.437,-0.12425379,0.3383,0.43857268539996264,9.14784078
255,255,-19.57939580055195,77.17370719944805,96.753103,-8.028943300959298,128.9997766990407,137.02872,0.7318192,-0.181,0.912,0.12198956,0.32,-0.21281205,-0.437,0.083757885,0.3383,0.55972209850279,11.71310166
256,256,-16.842196990200293,79.9109060097997,96.753103,-3.875399582714607,133.15332041728539,137.02872,0.6875833,-0.181,0.912,0.14896621,0.32,-0.46195498,-0.437,-0.34915075,0.3383,0.3132048123624586,10.70030052
257,257,-10.059811618327942,86.69329138167205,96.753103,-3.4826649462866044,133.5460550537134,137.02872,0.8382022,-0.181,0.912,0.15568842,0.32,-0.4467105,-0.437,-0.33547804,0.3383,0.27965569132095836,16.65725295
258,258,-16.53100403762035,80.22209896237965,96.753103,-9.821262533392883,127.20745746660711,137.02872,0.80805826,-0.181,0.912,0.15181093,0.32,-0.2993328,-0.437,-0.14836976,0.3383,0.4258233947466748,15.37713255
259,259,-10.13661875508447,86.61648424491553,96.753103,-2.368069245589936,134.66065075441006,137.02872,0.87486255,-0.181,0.912,0.15751642,0.32,-0.4573298,-0.437,-0.33592495,0.3383,0.28598711604384935,16.4909628
260,260,-7.495534825052275,89.25756817494772,96.753103,-0.11231492188588277,136.9164050781141,137.02872,0.91979486,-0.181,0.912,0.15902002,0.32,-0.4485738,-0.437,-0.35506418,0.3383,0.2627312981638294,19.41453189
261,261,-9.399507507082674,87.35359549291732,96.753103,-4.656152691817226,132.37256730818277,137.02872,0.8082316,-0.181,0.912,0.17538372,0.32,-0.3984272,-0.437,-0.28343257,0.3383,0.20407646546324082,19.68436119
262,262,-14.42954674620455,82.32355625379545,96.753103,-8.94388206922082,128.08483793077917,137.02872,0.82844335,-0.181,0.912,0.16668424,0.32,-0.2078517,-0.437,-0.09136092,0.3383,0.3646303917406689,16.72376901
263,263,-19.13650139364381,77.61660160635618,96.753103,-14.896253745893361,122.13246625410663,137.02872,0.80475277,-0.181,0.912,0.15702707,0.32,-0.06955046,-0.437,0.07722208,0.3383,0.4813596980901862,14.90712756
264,264,-5.533165118805542,91.21993788119445,96.753103,-0.5980557876515604,136.43066421234843,137.02872,0.9921866,-0.181,0.912,0.13151877,0.32,-0.39455634,-0.437,-0.35060573,0.3383,0.18308014300730124,14.40714491
265,265,-9.022996779325481,87.73010622067451,96.753103,-4.061829055869396,132.9668909441306,137.02872,0.9666226,-0.181,0.912,0.12673844,0.32,-0.20471261,-0.437,-0.1622301,0.3383,0.3370705104352985,12.06954366
266,266,-5.4576168740633335,91.29548612593666,96.753103,0.21640049168362907,137.24512049168362,137.02872,1.0104086,-0.181,0.912,0.13224706,0.32,-0.42112336,-0.437,-0.3879331,0.3383,0.23066812203134066,14.36222047
267,267,-5.855552955300624,90.89755004469937,96.753103,-0.8889428877563716,136.13977711224362,137.02872,1.0569798,-0.181,0.912,0.1402891,0.32,-0.39349794,-0.437,-0.3871286,0.3383,0.27782070610911036,14.99630301
268,268,-4.289169467472007,92.46393353252799,96.753103,0.09719735274381947,137.1259173527438,137.02872,1.0715946,-0.181,0.912,0.14406633,0.32,-0.4067817,-0.437,-0.37050316,0.3383,0.23473813016621653,17.04579647
269,269,-10.034374006673573,86.71872899332642,96.753103,-9.52149512494833,127.50722487505166,137.02872,0.9275897,-0.181,0.912,0.14460988,0.32,-0.10565509,-0.437,-0.05689188,0.3383,0.3986344125686775,12.86127114
270,270,-20.984583792574114,75.76851920742588,96.753103,-8.276903410564529,128.75181658943546,137.02872,0.6901423,-0.181,0.912,0.17623873,0.32,-0.3881611,-0.437,-0.24179672,0.3383,0.5065318602407791,13.01833689
271,271,-21.769784031913943,74.98331896808605,96.753103,-15.172233328383314,121.85648667161668,137.02872,0.6408587,-0.181,0.912,0.13986339,0.32,-0.11734811,-0.437,-0.013244348,0.3383,0.47402407986164746,8.07920129
272,272,-9.935043535432001,86.818059464568,96.753103,-7.072067576573858,129.95665242342614,137.02872,0.94040126,-0.181,0.912,0.13884741,0.32,-0.25272614,-0.437,-0.24277821,0.3383,0.21894228678605795,13.79564796
273,273,-13.101489290516525,83.65161370948347,96.753103,-6.425924641370045,130.60279535862995,137.02872,0.8823058,-0.181,0.912,0.15126832,0.32,-0.29539144,-0.437,-0.29810762,0.3383,0.24498612122425328,12.11619024
274,274,-7.276491821384951,89.47661117861504,96.753103,-1.741254481493769,135.28746551850622,137.02872,0.9261542,-0.181,0.912,0.15777893,0.32,-0.4895231,-0.437,-0.39211056,0.3383,0.2641642742375528,16.29245315
275,275,-12.782891802241664,83.97021119775833,96.753103,-7.41303691562095,129.61568308437904,137.02872,0.8770944,-0.181,0.912,0.14796293,0.32,-0.289161,-0.437,-0.30371058,0.3383,0.23937435669262785,11.17040215
276,276,-6.954705560689533,89.79839743931046,96.753103,-0.9583892990562788,136.0703307009437,137.02872,0.91822207,-0.181,0.912,0.14595649,0.32,-0.44669858,-0.437,-0.39277405,0.3383,0.2619388068711887,18.62114213
277,277,-13.745025002199327,83.00807799780067,96.753103,-13.780846517019029,123.24787348298096,137.02872,0.8763177,-0.181,0.912,0.11923781,0.32,-0.12893288,-0.437,-0.089425124,0.3383,0.37555140450154373,10.15421747
278,278,-9.702655435048158,87.05044756495184,96.753103,-4.989524267056765,132.03919573294323,137.02872,1.0253385,-0.181,0.912,0.14026362,0.32,-0.28052723,-0.437,-0.21694207,0.3383,0.3935857612915302,10.73717364
279,279,-12.984846687739719,83.76825631226028,96.753103,-8.861011691817538,128.16770830818245,137.02872,0.949377,-0.181,0.912,0.124911085,0.32,-0.11140185,-0.437,0.010730288,0.3383,0.537325214029747,11.84059098
280,280,-10.812419753406559,85.94068324659344,96.753103,-7.944701875950841,129.08401812404915,137.02872,0.972356,-0.181,0.912,0.12532265,0.32,-0.11009605,-0.437,-0.022665778,0.3383,0.5630654375489058,10.62444962
281,281,-11.267264694950171,85.48583830504982,96.753103,-9.782904701542407,127.24581529845759,137.02872,1.0122117,-0.181,0.912,0.15069497,0.32,-0.082918644,-0.437,-0.004256061,0.3383,0.7189641602212881,12.12148203
282,282,-11.75503960128934,84.99806339871066,96.753103,-8.3935204597108,128.6351995402892,137.02872,0.96695817,-0.181,0.912,0.13699259,0.32,-0.10073093,-0.437,-0.043388814,0.3383,0.6173027101553535,10.64640055
283,283,-11.75503960128934,84.99806339871066,96.753103,-8.3935204597108,128.6351995402892,137.02872,0.96695817,-0.181,0.912,0.13699259,0.32,-0.10073093,-0.437,-0.043388814,0.3383,0.6173027101553535,9.333480201
284,284,-10.928101096951039,85.82500190304896,96.753103,-8.005360982140274,129.02335901785972,137.02872,0.9515262,-0.181,0.912,0.12689164,0.32,-0.09989708,-0.437,-0.03155566,0.3383,0.5674383417511215,10.18100776
285,285,-10.928101096951039,85.82500190304896,96.753103,-8.005360982140274,129.02335901785972,137.02872,0.9515262,-0.181,0.912,0.12689164,0.32,-0.099897064,-0.437,-0.03155566,0.3383,0.5674383417511215,9.59856929
286,286,-15.251719970913044,81.50138302908695,96.753103,-10.705768244965881,126.32295175503411,137.02872,0.8775419,-0.181,0.912,0.12242319,0.32,-0.14122722,-0.437,-0.13262929,0.3383,0.34897442612853546,9.586627775
287,287,-13.150820609500258,83.60228239049974,96.753103,-8.266718056911373,128.76200194308862,137.02872,0.85772467,-0.181,0.912,0.14805472,0.32,-0.32436582,-0.437,-0.3138576,0.3383,0.2746312053820252,12.10036569
288,288,-14.55773602853455,82.19536697146545,96.753103,-7.496147301357723,129.53257269864227,137.02872,0.8643331,-0.181,0.912,0.15686856,0.32,-0.33531874,-0.437,-0.34130162,0.3383,0.3087743933149464,11.07372419
289,289,-14.385967207025573,82.36713579297442,96.753103,-7.409684299212273,129.61903570078772,137.02872,0.84984946,-0.181,0.912,0.14943725,0.32,-0.22995654,-0.437,-0.103519954,0.3383,0.45820749461272825,11.08599829
290,290,-14.555603168881234,82.19749983111876,96.753103,-8.331155794301424,128.69756420569857,137.02872,0.8683219,-0.181,0.912,0.1545681,0.32,-0.24567261,-0.437,-0.13114907,0.3383,0.49343655902719724,10.54577493
291,291,-14.162683724994238,82.59041927500576,96.753103,-7.393705744409118,129.63501425559087,137.02872,0.87114304,-0.181,0.912,0.15868188,0.32,-0.3428911,-0.437,-0.34548658,0.3383,0.31509616753993264,9.975570396
292,292,-14.424724674453799,82.3283783255462,96.753103,-6.171655312697766,130.85706468730223,137.02872,0.8846069,-0.181,0.912,0.16056386,0.32,-0.35599205,-0.437,-0.3504164,0.3383,0.34003729436923036,9.162635583
293,293,-15.093432967893236,81.65967003210676,96.753103,-5.608912273283039,131.41980772671695,137.02872,0.89937973,-0.181,0.912,0.16145511,0.32,-0.3604337,-0.437,-0.34961382,0.3383,0.3757238345494661,11.38522078
294,294,-13.867860049571192,82.8852429504288,96.753103,-6.183913738331569,130.84480626166842,137.02872,0.8900143,-0.181,0.912,0.15918185,0.32,-0.34956408,-0.437,-0.34094876,0.3383,0.3293097425373456,10.572825
295,295,-12.157330796838465,84.59577220316153,96.753103,-7.1680439090386585,129.86067609096133,137.02872,1.0911101,-0.181,0.912,0.14026362,0.32,-0.28052723,-0.437,-0.21270058,0.3383,0.4945440206791165,10.67131207
296,296,-5.148531014341103,91.6045719856589,96.753103,0.2842988492324139,137.3130188492324,137.02872,1.0513173,-0.181,0.912,0.14226836,0.32,-0.36722887,-0.437,-0.37329328,0.3383,0.28648557431323285,11.80377434
297,297,-14.260497636265342,82.49260536373465,96.753103,-10.76750138844774,126.26121861155225,137.02872,0.8833646,-0.181,0.912,0.123526044,0.32,-0.13721266,-0.437,-0.12027113,0.3383,0.35233148697635963,10.68786327
298,298,-14.430879257634913,82.32222374236508,96.753103,-11.856048684698592,125.1726713153014,137.02872,0.91561085,-0.181,0.912,0.14043851,0.32,-0.1799756,-0.437,-0.13103123,0.3383,0.3975756669429292,11.40167033
299,299,-12.168281159121719,84.58482184087828,96.753103,-10.790231677682812,126.23848832231718,137.02872,0.87295115,-0.181,0.912,0.13177428,0.32,-0.111111194,-0.437,-0.069809474,0.3383,0.37698207126920025,10.0229474
